Estados,Produto,Área destinada à colheita,Lucro
AC,Banana,347,12857150
AC,Café,65,2849886
AC,Laranja,17,582550
AC,Limão,14,406518
AC,Maracujá,15,449405
AL,Banana,116,3596675
AL,Café,2,47840
AL,Castanha de caju,13,530623
AL,Goiaba,5,117010
AL,Laranja,133,2824722
AL,Limão,10,45165
AL,Manga,13,402476
AL,Maracujá,20,1725060
AL,Tangerina,12,132360
AM,Banana,189,5331725
AM,Café,40,1947270
AM,Goiaba,9,-8684
AM,Laranja,45,454033
AM,Limão,11,-40080
AM,Manga,3,24240
AM,Maracujá,31,2705360
AM,Tangerina,4,-115165
AP,Banana,102,2811490
AP,Laranja,34,601465
AP,Maracujá,10,448171
BA,Banana,202,4959460
BA,Café,910,14381115
BA,Castanha de caju,310,3521447
BA,Goiaba,33,942866
BA,Laranja,296,6082001
BA,Limão,84,1972078
BA,Manga,328,4558374
BA,Maracujá,90,6796220
BA,Tangerina,39,1249420
BA,Uva,232,-22390498
CE,Banana,232,9047005
CE,Café,71,754260
CE,Castanha de caju,1723,15734304
CE,Goiaba,17,609676
CE,Laranja,16,320420
CE,Limão,29,452739
CE,Manga,24,903654
CE,Maracujá,93,10130522
CE,Tangerina,17,257890
CE,Uva,3,245738
DF,Banana,312,3627000
DF,Café,417,2150638
DF,Goiaba,373,20501973
DF,Laranja,64,1137518
DF,Limão,217,7134695
DF,Manga,74,2785478
DF,Maracujá,120,20590000
DF,Tangerina,123,-1350267
DF,Uva,57,-4132500
ES,Banana,382,15623590
ES,Café,5648,208365298
ES,Goiaba,12,653292
ES,Laranja,30,591297
ES,Limão,23,489460
ES,Manga,27,1534955
ES,Maracujá,13,1982916
ES,Tangerina,42,792048
ES,Uva,6,28654
GO,Banana,108,3978560
GO,Café,420,15226355
GO,Goiaba,32,3251392
GO,Laranja,169,4895395
GO,Limão,10,238230
GO,Manga,20,229500
GO,Maracujá,25,2415150
GO,Tangerina,39,1232547
GO,Uva,10,929142
MA,Banana,28,368780
MA,Castanha de caju,93,1069628
MA,Laranja,1,12019
MA,Limão,10,100820
MA,Manga,15,295175
MA,Maracujá,13,738996
MG,Banana,75,952500
MG,Café,2226,58537184
MG,Goiaba,7,207660
MG,Laranja,107,1292959
MG,Limão,18,71491
MG,Manga,27,569390
MG,Maracujá,8,868448
MG,Tangerina,46,690377
MG,Uva,9,-135989
MS,Banana,36,1081300
MS,Café,26,533736
MS,Goiaba,5,126145
MS,Laranja,87,1838967
MS,Limão,27,212115
MS,Manga,1,22025
MS,Maracujá,2,35724
MS,Tangerina,23,388628
MS,Uva,2,-128400
MT,Banana,85,2171580
MT,Café,264,2954419
MT,Castanha de caju,150,2775461
MT,Goiaba,6,163325
MT,Laranja,14,147437
MT,Limão,9,42343
MT,Manga,32,2111039
MT,Maracujá,7,435840
MT,Tangerina,6,-11541
MT,Uva,2,128900
PA,Banana,308,8264820
PA,Café,17,217505
PA,Castanha de caju,85,2070717
PA,Goiaba,25,1046462
PA,Laranja,209,5006503
PA,Limão,82,1896416
PA,Manga,14,115511
PA,Maracujá,23,1451935
PA,Tangerina,9,77913
PB,Banana,102,5205440
PB,Café,11,249216
PB,Castanha de caju,19,142009
PB,Goiaba,5,122645
PB,Laranja,13,177101
PB,Limão,14,54988
PB,Manga,6,153459
PB,Maracujá,17,1225535
PB,Tangerina,220,3101666
PB,Uva,36,2327000
PE,Banana,392,10340270
PE,Café,109,707424
PE,Castanha de caju,120,2090736
PE,Goiaba,107,6084902
PE,Laranja,20,99543
PE,Limão,29,438520
PE,Manga,377,15282780
PE,Maracujá,30,2163832
PE,Tangerina,4,-33600
PE,Uva,1167,14091182
PI,Banana,30,816900
PI,Castanha de caju,422,4063278
PI,Goiaba,8,374812
PI,Laranja,9,150539
PI,Manga,13,506660
PI,Maracujá,25,2113275
PI,Uva,2,136800
PR,Banana,27,1664265
PR,Café,148,1711643
PR,Goiaba,18,129776
PR,Laranja,91,2249155
PR,Limão,6,-15802
PR,Manga,3,132663
PR,Maracujá,7,509751
PR,Tangerina,55,2207536
PR,Uva,13,293764
RJ,Banana,100,2387770
RJ,Café,640,11930777
RJ,Goiaba,50,3169200
RJ,Laranja,163,-210820
RJ,Limão,25,-19937
RJ,Manga,17,1062481
RJ,Maracujá,20,1612200
RJ,Tangerina,62,608674
RJ,Uva,8,147796
RN,Banana,124,6717910
RN,Café,3,153683
RN,Castanha de caju,540,6535690
RN,Goiaba,4,93776
RN,Laranja,9,144234
RN,Limão,4,-4442
RN,Manga,24,812107
RN,Maracujá,94,3919828
RN,Tangerina,5,145000
RN,Uva,5,91381
RO,Banana,139,1326350
RO,Café,928,55876044
RO,Goiaba,4,108132
RO,Laranja,8,88430
RO,Limão,9,-5410
RO,Manga,2,146796
RO,Maracujá,8,440960
RO,Tangerina,5,40731
RO,Uva,2,61600
RR,Banana,390,6733000
RR,Goiaba,10,310000
RR,Laranja,55,1013690
RR,Limão,59,500660
RR,Manga,16,812000
RR,Maracujá,45,1248375
RR,Tangerina,8,90779
RS,Banana,67,1297410
RS,Goiaba,4,122116
RS,Laranja,45,861729
RS,Limão,6,8445
RS,Manga,2,29543
RS,Maracujá,14,1471304
RS,Tangerina,30,284494
RS,Uva,112,6043067
SC,Banana,319,10421935
SC,Goiaba,7,176625
SC,Laranja,13,386849
SC,Limão,5,36212
SC,Maracujá,50,6395373
SC,Tangerina,10,162389
SC,Uva,20,1273126
SE,Banana,42,1250370
SE,Goiaba,30,1603000
SE,Laranja,1506,47053257
SE,Limão,51,805859
SE,Manga,33,1536818
SE,Maracujá,51,5596896
SE,Tangerina,36,1035182
SP,Banana,154,7588495
SP,Café,689,3788791
SP,Goiaba,49,4933517
SP,Laranja,1085,74582346
SP,Limão,149,7776862
SP,Manga,71,4595119
SP,Maracujá,12,1252260
SP,Tangerina,60,2655540
SP,Uva,77,5877917
TO,Banana,30,298800
TO,Café,4,169600
TO,Castanha de caju,3,73545
TO,Laranja,10,168897
TO,Limão,3,73815
TO,Manga,52,1775951
TO,Maracujá,6,274436
TO,Tangerina,2,64600
TO,Uva,2,-5100
